"date","count","status","host","url"
"2018-09-18","100114","503","dstl.gov.uk","/autodiscover/autodiscover.xml"
"2018-09-18","69692","301","education.gov.uk","/autodiscover/autodiscover.xml"
"2018-09-18","69462","301","www.mhra.gov.uk","/Stayconnected/RSSFeeds/News-feed/index.htm"
"2018-09-18","69168","301","www.mhra.gov.uk","/Stayconnected/RSSFeeds/Medicines-regulatory-news-feed/index.htm"
"2018-09-18","69046","301","www.mhra.gov.uk","/Stayconnected/RSSFeeds/Press-feed/index.htm"
"2018-09-18","68694","301","www.mhra.gov.uk","/Stayconnected/RSSFeeds/Drug-Alerts-and-Recalls/index.htm"
"2018-09-18","66450","301","www.mhra.gov.uk","/Stayconnected/RSSFeeds/Medicinessafetyfeed/index.htm"
"2018-09-18","48105","301","hmrc.gov.uk","/index.htm"
"2018-09-18","1","301","justice.gov.uk","/contacts/hmcts/tribunals/residential-property.htm"""
